2.jpg, church (23.25), monastery (16.85), mosque (16.76), bell_cote (15.88), beacon (15.88), 
2011-02-24 21.23.28.jpg, television (15.37), screen (15.34), monitor (15.29), iPod (14.33), home_theater (14.15), 
2011-05-12 16.29.55.jpg, remote_control (19.97), oscilloscope (17.29), cellular_telephone (17.06), computer_keyboard (16.84), modem (16.70), 
2011-05-16 16.22.47.jpg, carton (14.67), cassette (14.35), envelope (13.90), packet (12.97), book_jacket (12.86), 
2011-09-23 04.34.54.jpg, crayfish (16.17), spiny_lobster (15.76), American_lobster (13.56), sea_urchin (13.40), hermit_crab (13.17), 
2011-11-04 15.00.09.jpg, pick (13.04), sundial (12.99), wall_clock (12.39), toilet_seat (11.58), frying_pan (11.19), 
2011-12-23 11.58.46.jpg, space_heater (15.63), modem (14.69), printer (14.23), pool_table (13.91), toaster (13.49), 
2011-12-23 21.26.34 HDR.jpg, home_theater (19.13), entertainment_center (17.01), television (15.25), monitor (14.29), screen (13.96), 
2012-01-03 22.13.01.jpg, monitor (17.21), screen (16.83), television (14.91), desktop_computer (14.13), home_theater (13.86), 
2012-01-13 19.59.01.jpg, sports_car (26.65), racer (21.94), car_wheel (21.49), convertible (21.01), grille (18.79), 
2012-01-13 20.00.47.jpg, sports_car (28.67), convertible (26.57), grille (25.14), beach_wagon (24.21), minivan (23.24), 
2012-01-13 20.01.32.jpg, sports_car (20.98), grille (18.10), hard_disc (17.11), convertible (16.81), beach_wagon (16.08), 
2012-01-13 20.03.40.jpg, sports_car (22.00), convertible (19.45), racer (19.41), car_wheel (19.41), toaster (16.75), 
2012-01-13 20.04.24.jpg, projector (16.36), space_heater (15.99), CD_player (15.49), microwave (14.70), tape_player (14.50), 
2012-01-13 20.05.46.jpg, minivan (22.61), sports_car (22.07), convertible (21.18), grille (20.76), limousine (19.51), 
2012-01-21 14.33.52.jpg, monitor (14.79), lampshade (14.72), television (14.68), table_lamp (13.98), balloon (13.86), 
2012-01-24 14.17.33.jpg, television (16.02), dishwasher (15.69), desk (15.67), desktop_computer (15.15), entertainment_center (15.04), 
2012-01-24 14.17.35.jpg, desk (19.50), desktop_computer (19.04), monitor (18.71), screen (18.29), loudspeaker (17.55), 
2012-01-26 17.44.29.jpg, notebook (14.83), waffle_iron (14.50), laptop (14.39), web_site (13.62), rule (13.43), 
2012-01-27 23.49.32.jpg, minivan (16.51), cab (16.32), racer (15.57), sports_car (15.55), police_van (15.17), 
2012-01-31 20.23.58.jpg, electric_fan (13.01), iPod (12.76), joystick (12.71), dishwasher (12.45), maraca (12.31), 
2012-02-02 17.37.28.jpg, bell_pepper (21.04), pencil_sharpener (20.24), dumbbell (18.05), ice_lolly (17.65), candle (17.39), 
2012-02-02 17.39.50.jpg, drum (21.17), drumstick (18.86), steel_drum (14.87), cuirass (14.20), typewriter_keyboard (13.99), 
2012-02-02 17.40.12.jpg, electric_guitar (24.85), acoustic_guitar (17.56), rule (13.52), banjo (13.35), chain_saw (12.97), 
2012-02-02 17.42.32.jpg, street_sign (13.84), folding_chair (13.20), pencil_sharpener (12.46), wall_clock (12.29), envelope (12.25), 
2012-02-02 19.17.14.jpg, potter's_wheel (10.64), hen-of-the-woods (10.57), table_lamp (9.84), mortarboard (9.66), fur_coat (9.53), 
2012-02-09 23.05.23.jpg, reflex_camera (24.52), loudspeaker (19.99), switch (19.80), dial_telephone (19.79), tape_player (18.85), 
2012-02-17 20.19.45.jpg, espresso (18.96), beer_glass (17.57), eggnog (17.37), goblet (17.21), cocktail_shaker (16.39), 
2012-03-01 15.47.21.jpg, fountain (17.06), triceratops (16.82), beacon (16.59), feather_boa (14.53), obelisk (14.33), 
2012-03-02 16.48.23.jpg, cannon (14.69), projectile (14.01), tape_player (13.39), missile (13.16), CD_player (12.86), 
2012-03-06 10.28.03.jpg, moped (15.91), disk_brake (15.03), bicycle-built-for-two (14.99), tricycle (13.54), mountain_bike (13.47), 
2012-03-10 13.41.02.jpg, pizza (19.51), burrito (14.77), frying_pan (13.73), hotdog (13.42), mashed_potato (13.25), 
2012-03-11 13.37.45.jpg, loupe (17.38), binoculars (16.90), gasmask (15.42), lens_cap (14.53), knee_pad (14.21), 
2012-03-19 19.01.25.jpg, projectile (14.47), chest (13.50), submarine (13.20), cannon (13.18), missile (12.74), 
2012-03-20 15.14.43-2.jpg, grand_piano (13.24), marimba (11.79), refrigerator (11.30), stove (11.17), home_theater (11.13), 
2012-04-15 09.55.37.jpg, saltshaker (24.37), soap_dispenser (17.05), cocktail_shaker (17.03), water_jug (16.71), vase (16.44), 
2012-04-15 09.55.59.jpg, nipple (15.67), whiskey_jug (12.08), saltshaker (12.02), bubble (11.62), screw (11.52), 
2012-04-20 15.28.31.png, switch (16.24), Band_Aid (15.57), space_heater (14.75), file (13.28), soap_dispenser (12.53), 
2012-04-20 17.01.55.jpg, water_bottle (22.70), pop_bottle (20.66), nipple (19.11), hair_spray (18.38), cocktail_shaker (18.08), 
2012-05-04 18.37.29.jpg, home_theater (16.35), table_lamp (13.51), studio_couch (13.26), restaurant (13.15), screen (12.93), 
2012-05-20 18.39.05.jpg, wallet (14.03), lighter (11.48), quill (11.03), banded_gecko (10.86), pick (10.79), 
2012-05-20 20.23.10.jpg, bullet_train (15.81), croquet_ball (14.21), ping-pong_ball (13.50), mouse (12.90), pool_table (12.88), 
2012-05-20 20.23.12.jpg, mouse (13.09), spotlight (12.70), wok (12.20), punching_bag (12.09), maraca (11.67), 
2012-08-09 14.57.02.jpg, notebook (15.53), laptop (15.45), home_theater (15.28), studio_couch (13.61), computer_keyboard (13.24), 
2012-08-09 15.00.04.jpg, desktop_computer (20.82), monitor (20.09), home_theater (19.84), screen (19.31), computer_keyboard (16.74), 
2012-09-10 11.26.32.jpg, mountain_bike (24.32), bicycle-built-for-two (21.50), tricycle (18.15), disk_brake (17.98), moped (15.09), 
2012-09-10 11.26.55.jpg, mountain_bike (25.74), bicycle-built-for-two (23.77), disk_brake (20.38), moped (19.10), tricycle (17.88), 
2012-09-10 11.26.59.jpg, mountain_bike (16.00), fiddler_crab (15.73), oil_filter (15.25), apiary (15.16), moped (14.95), 
2012-09-10 18.02.55.jpg, photocopier (17.91), safe (17.57), printer (17.45), tape_player (16.54), toaster (16.49), 
2012-09-10 19.59.35.jpg, lotion (18.04), red_wine (16.06), sunscreen (15.77), oil_filter (15.62), wine_bottle (15.33), 
2012-09-11 11.36.20.jpg, ambulance (15.82), patio (15.21), police_van (15.19), minivan (15.04), mobile_home (14.93), 
2012-09-11 14.28.36.jpg, ice_cream (17.06), plate (16.20), waffle_iron (16.10), potpie (15.92), meat_loaf (15.91), 
2012-09-11 16.38.40.jpg, minivan (20.57), beach_wagon (17.12), police_van (15.02), grille (13.65), minibus (13.51), 
2012-09-12 13.42.18.jpg, hand_blower (21.08), gas_pump (17.02), power_drill (16.68), oil_filter (14.95), mountain_bike (13.45), 
2012-09-12 20.21.21.jpg, butcher_shop (19.39), cleaver (15.85), pomegranate (13.69), purse (12.55), head_cabbage (12.27), 
2012-09-12 21.03.17.jpg, plate (20.64), cauliflower (17.61), meat_loaf (17.57), mashed_potato (17.54), chocolate_sauce (15.76), 
2012-09-12 21.17.57.jpg, mortar (18.23), bagel (16.76), pretzel (14.40), chambered_nautilus (14.08), ice_cream (13.18), 
2012-09-13 09.29.50.jpg, eggnog (16.58), plate (16.06), lemon (15.87), ladle (15.74), corn (15.61), 
2012-09-13 09.32.10.jpg, chocolate_sauce (20.11), consomme (18.89), espresso (18.10), hot_pot (17.56), Crock_Pot (17.35), 
2012-09-13 09.52.23.jpg, handkerchief (12.95), rule (12.79), walking_stick (12.79), envelope (11.94), pillow (11.56), 
2012-09-13 13.20.33.jpg, carbonara (30.95), plate (23.95), soup_bowl (20.51), spaghetti_squash (19.88), restaurant (18.90), 
2012-09-13 13.41.26.jpg, ice_cream (28.82), chocolate_sauce (28.38), trifle (24.77), eggnog (20.94), consomme (20.19), 
2012-09-13 15.47.04.jpg, mountain_bike (18.69), bicycle-built-for-two (18.26), cliff_dwelling (15.03), disk_brake (14.22), cliff (13.39), 
2012-09-13 19.06.11.jpg, red_wine (22.35), mashed_potato (15.93), goblet (15.91), chocolate_sauce (14.81), cheeseburger (14.14), 
2012-09-14 17.58.45.jpg, beer_glass (30.14), espresso (23.87), hotdog (22.73), cheeseburger (21.78), goblet (21.75), 
2012-09-14 19.48.39.jpg, red_wine (21.37), wine_bottle (20.07), lotion (16.71), beer_bottle (15.42), chocolate_sauce (14.18), 
2012-09-15 10.49.42.jpg, chime (22.15), bell_cote (16.59), caldron (14.12), birdhouse (12.36), traffic_light (11.67), 
2012-09-15 11.27.13.jpg, plunger (13.93), potpie (12.82), pretzel (12.75), bagel (11.28), French_loaf (11.26), 
2012-09-15 14.33.51.jpg, toilet_seat (12.31), plunger (11.63), pick (11.62), punching_bag (11.51), medicine_chest (11.45), 
2012-09-15 16.33.39.jpg, chocolate_sauce (20.12), mashed_potato (18.20), plate (18.01), ice_cream (17.97), pretzel (16.98), 
2012-09-15 17.03.39.jpg, triumphal_arch (15.53), water_tower (14.05), bell_cote (13.43), balloon (13.28), palace (12.42), 
2012-09-15 17.10.47.jpg, triumphal_arch (13.02), bell_cote (12.16), palace (10.95), monastery (10.80), mosque (10.68), 
2012-09-15 17.44.28.jpg, quail (13.38), triceratops (13.28), crate (13.18), ruffed_grouse (12.95), wreck (12.94), 
2012-09-15 18.19.38.jpg, mosque (18.29), triumphal_arch (17.84), palace (17.31), dome (16.75), monastery (16.54), 
2012-09-15 18.19.46.jpg, mosque (15.86), bell_cote (14.52), dome (13.80), monastery (13.35), obelisk (13.06), 
2012-09-15 18.34.50.jpg, mosque (19.56), dome (17.83), police_van (17.54), monastery (16.42), moving_van (16.38), 
2012-09-15 18.49.22.jpg, palace (17.07), monastery (17.07), vault (16.69), dome (16.63), bell_cote (16.46), 
2012-09-15 20.08.02.jpg, wine_bottle (16.82), beer_bottle (15.76), iPod (15.68), red_wine (15.64), cellular_telephone (15.23), 
2012-09-15 20.08.11.jpg, wine_bottle (16.06), beer_bottle (14.04), red_wine (13.80), iPod (13.44), lotion (12.69), 
2012-09-17 14.30.27.jpg, pop_bottle (16.14), beer_bottle (15.63), shopping_basket (14.68), packet (14.52), thimble (14.30), 
2012-09-23 11.04.04.jpg, purse (23.34), wallet (23.01), buckle (19.42), mailbag (18.62), pencil_box (18.12), 
2012-09-29 16.39.39 HDR.jpg, Shetland_sheepdog (13.50), Greater_Swiss_Mountain_dog (13.05), Weimaraner (13.01), espresso_maker (12.99), basset (12.76), 
2012-11-30 18.30.16.jpg, meat_loaf (26.47), cheeseburger (26.08), mashed_potato (26.07), plate (25.58), ice_cream (25.20), 
2012-12-08 15.38.58.jpg, jinrikisha (22.13), tow_truck (15.22), fire_engine (14.88), garbage_truck (14.65), thresher (14.60), 
2012-12-21 12.56.25.jpg, wall_clock (15.43), mouse (14.44), analog_clock (13.34), washer (12.67), lampshade (12.49), 
2012-12-28 10.59.55.jpg, matchstick (15.30), computer_keyboard (15.11), lighter (13.76), switch (13.47), accordion (13.08), 
2013-01-13 13.01.49.jpg, Loafer (20.68), running_shoe (20.15), shoe_shop (20.03), cowboy_boot (20.02), sandal (19.74), 
2013-01-13 13.03.24.jpg, Loafer (31.83), sandal (26.96), running_shoe (25.52), shoe_shop (24.65), clog (23.93), 
2013-02-01 17.45.49.jpg, cucumber (16.16), zucchini (15.82), computer_keyboard (14.45), typewriter_keyboard (14.30), tray (13.91), 
2013-03-09 14.46.15.jpg, alp (12.86), promontory (11.52), valley (11.23), pier (11.07), beacon (10.80), 
2013-03-16 13.12.07.jpg, armadillo (16.16), scorpion (14.94), tailed_frog (13.71), isopod (13.04), frilled_lizard (12.77), 
2013-04-28 18.39.39.jpg, bookcase (18.81), hair_spray (18.69), medicine_chest (17.32), lipstick (15.54), lotion (15.53), 
2013-05-13 13.17.21.jpg, wreck (18.88), crate (15.58), sundial (15.15), chest (15.09), worm_fence (14.11), 
2013-05-13 13.17.37.jpg, beacon (13.26), suspension_bridge (12.31), dome (12.12), church (11.84), boathouse (11.71), 
2013-05-13 16.26.46.jpg, beacon (26.15), breakwater (20.48), missile (17.90), projectile (17.25), church (15.40), 
2013-05-20 10.05.09.jpg, four-poster (16.51), quilt (16.35), studio_couch (16.24), crib (15.68), bassinet (14.61), 
2013-05-27 12.26.03.jpg, table_lamp (21.14), lampshade (19.22), paper_towel (17.45), toilet_tissue (16.94), candle (14.66), 
2013-06-01 09.18.33.jpg, sandbar (14.86), lakeside (13.63), seashore (12.84), coho (12.38), breakwater (10.57), 
2013-06-02 18.17.27.jpg, carbonara (23.97), cheeseburger (23.57), hotdog (22.83), cup (20.50), coffee_mug (20.06), 
2013-06-08 17.54.37.jpg, bib (13.93), handkerchief (12.42), vestment (12.31), apron (12.18), bath_towel (11.89), 
2013-06-08 20.45.29.jpg, wild_boar (13.98), African_hunting_dog (13.48), hog (13.33), hyena (13.29), Border_terrier (12.33), 
2013-06-12 07.59.31.jpg, lotion (18.14), sunscreen (17.55), nipple (16.40), hair_spray (15.77), cash_machine (13.86), 
2013-06-13 14.25.04.jpg, hourglass (15.09), water_bottle (13.63), pop_bottle (12.54), wall_clock (11.96), water_jug (11.89), 
2013-08-28 17.24.59.jpg, volleyball (15.65), scoreboard (15.23), airliner (14.11), ballplayer (13.89), solar_dish (13.01), 
2013-08-28 17.29.49.jpg, scoreboard (14.27), airliner (12.87), solar_dish (12.85), container_ship (12.41), jigsaw_puzzle (12.05), 
2013-08-31 11.49.22.jpg, dining_table (23.89), patio (19.41), folding_chair (18.95), park_bench (18.73), desk (17.09), 
2013-08-31 20.09.37.jpg, hotdog (17.62), pizza (16.77), cheeseburger (16.47), crayfish (15.83), plate (14.75), 
2013-09-01 19.39.50.jpg, soup_bowl (22.87), consomme (22.31), hot_pot (19.06), wooden_spoon (17.64), ladle (17.61), 
2013-09-10 18.31.00.jpg, bottlecap (15.63), ocarina (14.24), strawberry (14.09), saltshaker (14.01), pomegranate (13.76), 
2013-09-23 11.36.42.jpg, backpack (14.75), desk (14.16), muzzle (13.39), holster (13.21), paper_towel (12.50), 
2013-09-23 11.37.20.jpg, chiffonier (23.24), file (20.64), chest (18.62), desk (16.41), wardrobe (15.96), 
2013-09-23 11.38.34.jpg, bookcase (17.41), bath_towel (14.53), library (14.24), bookshop (13.70), wool (13.29), 
2013-09-23 11.38.42.jpg, bookcase (20.83), library (17.29), bookshop (15.19), comic_book (14.25), cassette (14.00), 
2013-09-23 11.38.53.jpg, notebook (13.95), printer (13.85), laptop (13.65), file (13.58), loudspeaker (13.23), 
2013-09-23 11.39.01.jpg, bookcase (20.17), library (19.36), bookshop (16.56), cassette (15.67), ballpoint (15.45), 
2013-09-26 14.44.24.jpg, medicine_chest (12.43), crate (12.33), carton (11.84), wardrobe (11.33), four-poster (11.19), 
2013-09-26 15.04.10.jpg, guillotine (12.25), wardrobe (11.88), crate (10.92), chest (10.81), medicine_chest (10.66), 
2013-10-02 16.21.41.jpg, refrigerator (15.71), medicine_chest (15.29), dishwasher (14.99), microwave (13.91), wardrobe (13.62), 
2013-10-03 17.38.18.jpg, modem (14.83), switch (14.24), wardrobe (13.75), remote_control (12.83), notebook (12.23), 
2013-10-05 12.16.02.jpg, medicine_chest (18.26), washbasin (18.23), microwave (17.90), file (17.55), safe (16.68), 
2013-10-08 10.29.01.jpg, quilt (14.95), sleeping_bag (14.60), studio_couch (13.82), home_theater (13.34), television (11.96), 
2013-10-08 10.43.44.jpg, four-poster (22.01), studio_couch (19.07), quilt (18.61), bassinet (16.58), cradle (15.28), 
2013-10-15 15.01.44.jpg, hen-of-the-woods (17.79), carbonara (17.09), plate (16.55), gyromitra (16.53), cauliflower (16.04), 
2013-10-22 13.53.19.jpg, weevil (13.80), long-horned_beetle (13.54), ground_beetle (13.07), cockroach (12.86), American_lobster (12.66), 
2013-10-24 12.33.50.jpg, promontory (17.40), lakeside (17.33), dam (17.00), valley (14.97), seashore (14.32), 
2013-10-24 18.01.55.jpg, water_tower (12.26), missile (12.26), prison (12.17), projectile (11.77), trailer_truck (11.62), 
2013-10-25 18.10.44.jpg, beach_wagon (16.37), minivan (16.21), cab (15.63), sports_car (14.67), car_wheel (14.01), 
2013-10-25 19.29.44.jpg, monitor (12.29), menu (11.93), screen (11.12), scoreboard (10.85), space_shuttle (10.50), 
2013-10-26 09.57.26.jpg, valley (14.89), viaduct (13.63), cliff (12.81), alp (12.59), promontory (10.56), 
2013-10-26 13.07.40.jpg, cheeseburger (31.39), bagel (24.43), plate (21.18), cup (20.68), meat_loaf (20.37), 
2013-10-26 16.51.57.jpg, Chihuahua (11.36), bonnet (11.19), Siamese_cat (10.34), conch (10.20), sax (10.09), 
2013-10-26 16.57.43 HDR.jpg, suit (14.06), Windsor_tie (14.02), quill (12.57), plastic_bag (11.55), abaya (11.04), 
2013-10-26 17.36.14 HDR.jpg, bannister (13.17), candle (12.85), folding_chair (12.69), matchstick (12.46), stove (11.65), 
2013-10-27 13.05.42.jpg, viaduct (19.49), dam (17.70), steel_arch_bridge (14.47), cliff (13.87), valley (13.32), 
2013-10-27 13.05.58 HDR.jpg, Gila_monster (13.90), valley (13.17), alp (12.46), cliff (12.14), promontory (11.58), 
2013-11-03 00.43.25.jpg, bookcase (11.43), quilt (11.25), stole (11.21), medicine_chest (10.99), neck_brace (10.79), 
2013-11-03 16.53.35.jpg, carton (12.40), quilt (11.77), studio_couch (11.39), pillow (11.37), window_shade (11.35), 
2013-11-04 14.28.36.jpg, carpenter's_kit (14.20), screwdriver (13.98), cleaver (13.44), turnstile (12.67), cornet (12.61), 
2013-11-06 13.33.38.jpg, waffle_iron (26.00), coffeepot (20.09), water_jug (18.43), milk_can (18.36), pitcher (17.36), 
2013-11-22 14.37.17.jpg, beacon (19.22), drilling_platform (17.38), liner (15.40), water_tower (14.72), breakwater (14.36), 
2013-11-25 19.41.09.jpg, beer_glass (15.81), pomegranate (15.63), red_wine (15.43), goblet (13.23), perfume (13.13), 
2013-12-01 21.33.32.jpg, soup_bowl (14.54), mixing_bowl (14.44), trifle (13.58), eggnog (12.79), ice_lolly (12.68), 
2013-12-01 21.40.57.jpg, consomme (36.54), soup_bowl (28.77), plate (24.93), wooden_spoon (23.75), Granny_Smith (21.67), 
2013-12-01 21.50.14.jpg, plate (25.29), consomme (24.41), hotdog (23.13), meat_loaf (20.34), burrito (20.25), 
2013-12-01 22.31.48.jpg, plate (15.44), tray (15.25), chocolate_sauce (14.92), consomme (14.68), ice_cream (14.67), 
2013-12-01 23.01.22.jpg, ice_cream (19.39), chocolate_sauce (17.95), burrito (15.48), trifle (14.92), mashed_potato (14.70), 
2013-12-02 15.40.33.jpg, mitten (21.37), sock (19.33), cardigan (18.33), wool (17.83), buckle (15.80), 
2013-12-04 11.33.26.jpg, Crock_Pot (24.49), soup_bowl (18.68), consomme (17.83), ice_cream (17.62), mixing_bowl (17.58), 
2013-12-06 12.33.33.jpg, home_theater (16.46), lampshade (15.56), table_lamp (14.83), spotlight (13.92), window_shade (13.44), 
2013-12-08 20.42.34.jpg, pool_table (22.69), ping-pong_ball (19.71), grand_piano (16.92), home_theater (16.47), monitor (16.27), 
2013-12-09 21.12.08.jpg, meat_loaf (21.39), mashed_potato (20.71), cheeseburger (20.63), burrito (20.57), hotdog (20.21), 
2013-12-10 20.05.57.jpg, hot_pot (22.11), wooden_spoon (20.71), burrito (20.68), soup_bowl (20.57), consomme (19.71), 
2013-12-22 14.51.01.jpg, tripod (14.24), disk_brake (12.77), long-horned_beetle (11.31), reel (11.18), screwdriver (11.10), 
2013-12-31 14.19.09.jpg, electric_fan (11.28), microphone (11.21), stethoscope (10.91), vacuum (10.75), file (10.66), 
2013-12-31 14.49.34.jpg, window_shade (16.23), home_theater (13.88), file (13.30), sliding_door (13.28), monitor (13.20), 
2013-12-31 15.15.24.jpg, bookcase (15.76), medicine_chest (15.49), wine_bottle (13.57), coil (13.55), beer_bottle (12.81), 
2013-12-31 15.17.18.jpg, medicine_chest (14.69), bookcase (14.67), electric_fan (14.10), wine_bottle (12.93), beer_bottle (12.43), 
2014-01-21 14.16.38.jpg, acorn_squash (21.12), spaghetti_squash (19.55), plate (19.30), broccoli (19.23), carbonara (18.76), 
214.jpg, sports_car (20.18), convertible (20.07), racer (19.57), amphibian (17.27), car_wheel (16.64), 
DSC00256.JPG, suit (15.06), Windsor_tie (14.80), oboe (12.20), bow_tie (12.08), seat_belt (11.45), 
DSC00280.JPG, sports_car (17.78), convertible (17.58), racer (16.74), cassette_player (16.59), tape_player (15.91), 
DSC00638.JPG, mosque (29.77), stupa (24.19), dome (24.09), triumphal_arch (20.94), palace (20.87), 
DSC00642.JPG, mosque (30.20), dome (23.98), stupa (21.96), monastery (20.08), palace (19.62), 
DSC00770.JPG, quilt (25.01), studio_couch (23.86), four-poster (21.22), table_lamp (19.44), pillow (18.56), 
DSC09203.JPG, butternut_squash (18.25), Dungeness_crab (17.29), consomme (16.82), American_lobster (15.91), hotdog (15.75), 
DSC09204.JPG, crayfish (18.68), cockroach (18.09), butternut_squash (16.62), American_lobster (15.95), Dungeness_crab (15.84), 
DSC09290.JPG, minibus (27.81), trolleybus (27.35), passenger_car (25.24), tarantula (23.38), streetcar (22.26), 
DSC09945.JPG, bicycle-built-for-two (20.58), jinrikisha (19.09), tricycle (17.30), mountain_bike (17.13), cinema (17.01), 
DSC_0027.jpg, hammerhead (26.91), great_white_shark (26.12), tiger_shark (26.07), killer_whale (23.27), sea_lion (21.56), 
DSC_0042.jpg, great_white_shark (16.92), tiger_shark (15.82), killer_whale (15.27), hammerhead (15.12), space_shuttle (13.81), 
DSC_0045.jpg, hammerhead (20.74), tiger_shark (19.00), great_white_shark (18.33), dugong (15.46), electric_ray (15.12), 
DSC_0060.jpg, killer_whale (13.91), albatross (13.52), little_blue_heron (12.89), grey_whale (12.59), pelican (11.60), 
DSC_0111.jpg, killer_whale (18.20), great_white_shark (18.17), grey_whale (17.63), tiger_shark (16.85), albatross (16.04), 
DSC_0145.jpg, water_snake (16.80), Gila_monster (15.69), eel (15.20), Arabian_camel (14.93), hippopotamus (14.85), 
IMG_0129.JPG, parachute (36.38), balloon (31.95), airship (28.50), umbrella (22.12), rugby_ball (21.04), 
IMG_0311.jpg, dugong (14.18), hammerhead (12.50), tiger_shark (12.43), sea_snake (11.80), swimming_trunks (11.76), 
IMG_0328.jpg, platypus (12.60), grey_whale (11.89), sandbar (11.86), killer_whale (10.61), otter (10.57), 
IMG_0393.jpg, mosque (20.10), space_shuttle (18.43), monastery (18.28), castle (17.90), palace (17.32), 
IMG_0793.JPG, crib (14.51), baseball (13.51), chocolate_sauce (13.43), drum (12.82), packet (12.66), 
IMG_0819.JPG, limousine (15.38), minivan (14.80), beach_wagon (13.31), cab (12.98), car_mirror (12.44), 
IMG_0832.JPG, cab (18.99), sports_car (15.36), photocopier (15.32), cash_machine (15.24), police_van (14.69), 
IMG_1076.JPG, warplane (16.83), electric_locomotive (14.59), wing (14.56), freight_car (13.68), steam_locomotive (13.27), 
IMG_1115.JPG, parachute (15.31), cicada (13.55), crane (12.69), chain_saw (12.17), power_drill (11.99), 
IMG_1187.JPG, gondola (32.43), wreck (25.61), canoe (23.54), speedboat (22.78), amphibian (22.75), 
IMG_1210.JPG, triceratops (14.16), half_track (13.71), tank (13.47), cannon (13.31), box_turtle (13.25), 
IMG_1464.JPG, bicycle-built-for-two (16.83), mountain_bike (16.74), unicycle (16.50), coil (15.89), oscilloscope (14.60), 
IMG_1527.JPG, bell_cote (13.04), altar (11.86), cloak (11.47), monastery (11.18), medicine_chest (11.02), 
IMG_1982.JPG, weasel (18.78), Pekinese (18.39), black-footed_ferret (18.37), polecat (18.16), Shih-Tzu (17.92), 
IMG_2000.JPG, beer_glass (13.91), goblet (12.52), hotdog (12.36), harmonica (12.35), eggnog (12.14), 
IMG_2410.jpg, terrapin (15.97), sundial (15.82), mud_turtle (15.72), box_turtle (15.58), shield (14.27), 
IMG_2595.JPG, pillow (21.51), purse (20.07), wallet (19.86), mailbag (17.93), pencil_box (17.07), 
IMG_2805.JPG, plunger (15.08), dining_table (14.02), modem (13.63), notebook (13.62), laptop (12.98), 
IMG_2808.JPG, screen (18.35), monitor (17.60), home_theater (16.75), desktop_computer (16.65), television (16.56), 
IMG_2820.JPG, screen (17.44), monitor (17.14), desktop_computer (16.48), home_theater (15.56), desk (15.16), 
IMG_2821.JPG, bucket (15.04), shopping_basket (14.64), medicine_chest (13.38), four-poster (12.97), swab (12.49), 
IMG_2874.JPG, airship (14.45), wing (13.25), warplane (12.92), projectile (12.47), missile (11.60), 
IMG_2903.JPG, space_shuttle (37.07), warplane (23.62), airliner (21.92), aircraft_carrier (19.75), wing (19.62), 
IMG_2906.JPG, submarine (15.73), aircraft_carrier (15.00), pier (15.00), container_ship (14.88), space_shuttle (14.68), 
IMG_2911.JPG, barbell (13.96), dumbbell (13.16), punching_bag (12.67), forklift (12.34), horizontal_bar (11.04), 
IMG_2983.JPG, plate (18.24), burrito (17.73), carbonara (17.67), guacamole (17.19), candle (16.59), 
IMG_3050.JPG, cliff (13.96), sea_lion (12.36), leatherback_turtle (12.07), stone_wall (12.06), megalith (11.74), 
IMG_3089.JPG, alp (17.40), mountain_tent (17.17), snowmobile (15.75), ski (14.74), valley (13.55), 
IMG_3107.JPG, alp (10.53), tile_roof (10.47), doormat (10.26), quilt (9.19), stone_wall (9.16), 
IMG_3113.JPG, ptarmigan (13.58), volcano (13.43), plastic_bag (11.79), mountain_tent (11.60), yurt (11.37), 
IMG_3117.JPG, volcano (13.44), valley (11.18), geyser (10.47), alp (10.38), leatherback_turtle (10.00), 
IMG_3165.JPG, impala (28.98), gazelle (26.72), hartebeest (23.45), dingo (20.09), ibex (20.03), 
IMG_3215.JPG, zebra (35.25), hartebeest (21.61), impala (20.61), gazelle (19.89), warthog (19.44), 
IMG_3235.JPG, zebra (54.22), impala (35.94), hartebeest (35.90), gazelle (34.45), tiger (31.64), 
IMG_3242.JPG, zebra (52.60), warthog (38.26), hartebeest (35.58), impala (34.45), gazelle (33.88), 
IMG_3251.JPG, impala (15.35), Arabian_camel (14.94), ibex (14.83), hartebeest (14.72), gazelle (14.68), 
IMG_3261.JPG, African_elephant (40.69), tusker (40.23), Indian_elephant (39.32), water_buffalo (21.61), gorilla (21.51), 
IMG_3311.JPG, warthog (26.57), wild_boar (21.58), hog (19.87), dhole (19.41), bison (19.10), 
IMG_3326.JPG, tusker (32.02), African_elephant (31.73), Indian_elephant (28.67), bison (27.97), warthog (23.60), 
IMG_3328.JPG, African_elephant (38.02), tusker (37.85), Indian_elephant (34.13), warthog (26.43), water_buffalo (22.47), 
IMG_3330.JPG, African_elephant (30.32), tusker (28.00), Indian_elephant (26.96), water_buffalo (22.47), bison (21.45), 
IMG_3335.JPG, African_elephant (40.88), tusker (40.38), Indian_elephant (37.29), water_buffalo (24.81), warthog (22.75), 
IMG_3339.JPG, tusker (41.95), African_elephant (40.71), Indian_elephant (40.47), water_buffalo (26.61), warthog (25.67), 
IMG_3342.JPG, African_elephant (36.09), tusker (35.05), Indian_elephant (33.15), warthog (22.41), triceratops (20.38), 
IMG_3343.JPG, tusker (41.41), African_elephant (40.47), Indian_elephant (40.07), hartebeest (26.11), warthog (23.94), 
IMG_3347.JPG, tusker (38.26), African_elephant (37.54), Indian_elephant (34.50), warthog (25.33), water_buffalo (24.89), 
IMG_3361.JPG, zebra (35.71), African_hunting_dog (23.91), hartebeest (23.67), tiger (22.83), gazelle (21.94), 
IMG_3389.JPG, lion (14.94), coyote (14.34), banded_gecko (14.05), cougar (13.78), ibex (13.56), 
IMG_3401.JPG, warthog (20.34), African_elephant (20.27), tusker (19.00), Arabian_camel (18.36), hartebeest (17.51), 
IMG_3435.JPG, water_buffalo (25.63), bison (22.71), ox (21.92), hippopotamus (20.75), warthog (20.65), 
IMG_3436.JPG, water_buffalo (48.21), ox (37.79), bison (33.77), Indian_elephant (31.16), African_elephant (30.25), 
IMG_3457.JPG, jeep (20.03), lion (17.75), langur (17.38), spider_monkey (16.94), bull_mastiff (16.89), 
IMG_3461.JPG, slug (18.33), hognose_snake (18.09), bolete (17.38), thunder_snake (17.24), Indian_cobra (16.66), 
IMG_3467.JPG, cougar (15.05), bolete (14.29), sea_lion (13.93), bull_mastiff (13.89), malinois (13.80), 
IMG_3472.JPG, car_wheel (18.72), jeep (17.01), disk_brake (16.30), Labrador_retriever (15.72), forklift (15.47), 
IMG_3476.JPG, lion (33.56), cougar (23.54), dingo (19.95), Chesapeake_Bay_retriever (17.32), bull_mastiff (16.83), 
IMG_3490.JPG, jeep (31.30), Polaroid_camera (23.62), pickup (22.50), golfcart (21.44), beach_wagon (21.42), 
IMG_3491.JPG, lion (15.58), burrito (15.03), Weimaraner (14.90), American_Staffordshire_terrier (14.50), cougar (14.40), 
IMG_3492.JPG, lion (14.99), French_loaf (13.94), burrito (13.83), dough (13.56), ice_bear (11.26), 
IMG_3496.JPG, lion (26.56), cougar (20.43), dingo (20.39), whippet (18.82), Saluki (18.46), 
IMG_3498.JPG, lion (22.89), dingo (21.13), Labrador_retriever (19.17), Saluki (18.59), whippet (18.54), 
IMG_3525.JPG, ox (22.64), water_buffalo (21.62), bison (21.16), chimpanzee (18.45), ram (17.57), 
IMG_3543.JPG, ostrich (22.52), Border_collie (18.83), American_black_bear (18.48), Cardigan (18.27), black_swan (15.55), 
IMG_3557.JPG, ostrich (33.10), bustard (30.63), hyena (27.07), coyote (25.29), zebra (24.45), 
IMG_3561.JPG, cricket (16.00), scorpion (15.82), spiny_lobster (15.82), wolf_spider (15.63), centipede (15.60), 
IMG_3593.JPG, robin (13.17), table_lamp (12.18), macaw (12.09), toucan (11.74), bannister (11.62), 
IMG_3597.JPG, ostrich (26.08), Arabian_camel (24.14), bustard (22.67), dowitcher (20.98), coyote (20.57), 
IMG_3605.JPG, cheetah (24.41), coyote (22.12), leopard (21.76), bustard (20.16), hyena (18.60), 
IMG_3609.JPG, cheetah (33.91), leopard (24.90), hyena (24.13), bustard (22.51), jaguar (20.97), 
IMG_3622.JPG, cheetah (37.51), leopard (26.39), hyena (26.25), whiptail (23.03), agama (20.53), 
IMG_3624.JPG, cheetah (23.40), leopard (20.72), dowitcher (19.08), hyena (17.50), jaguar (17.05), 
IMG_3630.JPG, leopard (22.58), cheetah (21.78), jaguar (19.53), hyena (17.33), Gila_monster (17.26), 
IMG_3631.JPG, cheetah (28.67), leopard (25.87), hyena (23.91), jaguar (22.88), whiptail (20.89), 
IMG_3633.JPG, African_elephant (37.10), Indian_elephant (35.97), tusker (35.87), warthog (28.32), water_buffalo (27.68), 
IMG_3634.JPG, African_elephant (24.69), tusker (24.29), Indian_elephant (23.21), warthog (20.60), water_buffalo (19.34), 
IMG_3638.JPG, kite (24.75), bald_eagle (23.39), vulture (23.34), hornbill (20.00), quail (19.15), 
IMG_3642.JPG, pop_bottle (22.73), beer_bottle (20.75), wine_bottle (17.15), water_bottle (16.89), beer_glass (16.88), 
IMG_3644.JPG, hyena (24.01), dhole (22.26), lion (22.02), baboon (21.58), African_hunting_dog (20.76), 
IMG_3664.JPG, zebra (47.00), hartebeest (33.76), warthog (33.04), impala (32.80), gazelle (32.23), 
IMG_3670.JPG, baboon (19.64), meerkat (19.03), mongoose (17.51), hyena (17.38), marmot (15.81), 
IMG_3673.JPG, cheetah (25.72), leopard (24.40), jaguar (23.21), hyena (22.04), dowitcher (19.55), 
IMG_3706.JPG, wood_rabbit (20.68), hare (19.46), baboon (18.24), badger (18.10), wallaby (17.32), 
IMG_3720.JPG, baboon (29.03), warthog (22.72), gorilla (21.55), langur (21.52), macaque (20.95), 
IMG_3726.JPG, baboon (35.13), hyena (23.51), gorilla (21.91), macaque (21.51), bison (21.51), 
IMG_3735.JPG, hyena (16.20), hartebeest (15.93), lion (15.42), wild_boar (14.96), warthog (14.45), 
IMG_3736.JPG, hartebeest (17.31), warthog (15.60), hyena (14.86), impala (14.54), brown_bear (14.23), 
IMG_3745.JPG, hyena (15.21), hartebeest (14.84), lion (13.62), brown_bear (13.44), impala (13.07), 
IMG_3755.JPG, lion (30.10), cougar (17.99), bull_mastiff (17.65), collie (17.37), ox (17.11), 
IMG_3758.JPG, lion (14.68), Chesapeake_Bay_retriever (14.38), cougar (13.45), bull_mastiff (13.29), sorrel (13.07), 
IMG_3761.JPG, hartebeest (21.82), warthog (19.20), impala (19.18), gazelle (18.37), dhole (16.87), 
IMG_3767.JPG, red_fox (17.92), dhole (16.73), lion (15.59), grey_fox (14.97), hyena (14.32), 
IMG_3772.JPG, yurt (17.14), boathouse (15.58), barn (15.51), mobile_home (14.96), thatch (12.80), 
IMG_3789.JPG, torch (20.24), fire_screen (19.97), beer_bottle (18.31), Dutch_oven (18.26), jack-o'-lantern (17.88), 
IMG_3827.JPG, hartebeest (28.68), water_buffalo (27.02), bison (26.05), impala (24.36), bighorn (24.17), 
IMG_3856.JPG, hippopotamus (25.34), water_buffalo (22.00), bison (20.59), wild_boar (20.15), hog (19.82), 
IMG_3858.JPG, water_buffalo (28.06), hippopotamus (28.05), wild_boar (26.00), bison (25.72), hog (25.67), 
IMG_3894.JPG, tusker (20.78), bison (20.61), African_elephant (20.41), Indian_elephant (20.38), jeep (19.06), 
IMG_3897.JPG, plow (12.66), warplane (12.41), harvester (11.82), wing (11.70), parachute (11.47), 
IMG_3899.JPG, warplane (29.14), wing (28.10), airliner (26.79), missile (23.22), aircraft_carrier (22.92), 
IMG_3913.JPG, airliner (16.45), bullet_train (16.43), wing (16.36), forklift (16.00), golfcart (15.57), 
IMG_3945.JPG, speedboat (14.52), sandbar (13.86), hammerhead (13.06), American_egret (12.37), canoe (12.36), 
IMG_3947.JPG, speedboat (14.10), rocking_chair (13.71), wreck (13.58), folding_chair (13.12), amphibian (13.12), 
IMG_3968.JPG, ocarina (14.91), chocolate_sauce (13.03), thunder_snake (12.38), slug (12.36), saltshaker (12.04), 
IMG_5698.JPG, mountain_bike (25.23), bicycle-built-for-two (22.12), unicycle (21.59), moped (20.33), alp (19.62), 
IMG_5716.JPG, sewing_machine (13.80), streetcar (12.70), traffic_light (12.64), projector (12.62), trolleybus (12.53), 
MVC-005F.JPG, snowplow (16.45), harvester (16.09), garbage_truck (15.18), Polaroid_camera (15.15), forklift (15.06), 
MVC-008F.JPG, espresso_maker (19.75), tripod (18.83), projector (16.56), forklift (16.30), drilling_platform (14.96), 
P1080807.JPG, valley (13.89), dam (13.37), cliff_dwelling (13.25), geyser (13.05), cliff (12.50), 
P1080812.JPG, cock (22.55), hen (21.12), partridge (15.35), house_finch (15.10), crane (14.95), 
P1080858.JPG, platypus (12.26), great_white_shark (12.03), tiger_shark (11.73), barracouta (11.08), coho (11.00), 
bali-33.jpg, ear (21.03), corn (19.98), bonnet (17.60), cauliflower (15.72), starfish (15.17), 
bali-56.jpg, macaque (30.09), baboon (25.56), titi (24.00), proboscis_monkey (23.73), guenon (23.17), 
bali-57.jpg, macaque (36.05), guenon (31.85), spider_monkey (29.78), langur (29.33), titi (28.93), 
dsc00282.jpg, police_van (17.87), minivan (16.54), ambulance (15.94), sports_car (15.08), limousine (15.06), 
dsc00774.jpg, restaurant (20.74), studio_couch (19.58), dining_table (18.70), china_cabinet (17.74), sliding_door (15.92), 
dsc08737.jpg, promontory (17.93), pier (17.27), schooner (16.93), beacon (16.65), suspension_bridge (16.58), 
img_1087.jpg, studio_couch (14.19), quilt (12.94), pillow (12.53), four-poster (12.38), toilet_tissue (12.17), 
img_1088.jpg, printer (16.35), waffle_iron (16.13), toilet_seat (15.80), toaster (15.74), modem (14.54), 
img_1490.jpg, missile (29.79), airliner (29.21), projectile (28.55), wing (28.53), warplane (27.93), 
img_2102.jpg, cornet (17.02), trombone (15.95), eel (15.02), harmonica (14.96), flute (13.97), 
img_2120.jpg, teddy (16.59), piggy_bank (16.37), barbell (16.28), dalmatian (15.46), toyshop (15.30), 
img_5703.jpg, container_ship (23.53), drilling_platform (17.10), dock (16.72), breakwater (16.49), liner (15.91), 
ngorogoro1.JPG, minibus (20.24), jeep (19.85), recreational_vehicle (19.36), police_van (19.17), ambulance (18.31), 
one.jpg, CD_player (18.55), waffle_iron (17.13), toilet_seat (17.07), hard_disc (15.97), modem (15.59), 
space shuttle taking off.jpg, space_shuttle (43.64), volcano (25.89), projectile (23.39), missile (22.66), drilling_platform (21.67), 
two.jpg, waffle_iron (17.85), toaster (16.67), toilet_seat (15.88), modem (15.60), switch (14.62), 
